{
  "tau1": 0.148194,
  "tau2": 0.13599,
  "tau3": 0.137163,
  "tau4": 0.12904,
  "p1": 0.004817,
  "p2": 0.005362,
  "p3": 0.00443,
  "p4": 0.00676,
  "g1": 0.103008,
  "g2": 0.110003,
  "g3": 0.103231,
  "g4": 0.112
}