{
  "tau1": -2.1715962361668061e-16,
  "tau2": 2.2026824808563106e-16,
  "tau3": 1.5276668818842153e-16,
  "tau4": 1.176836406102666e-16,
  "p1": -2.424727085781342e-16,
  "p2": -7.86926079854311e-16,
  "p3": -2.4868995751603507e-17,
  "p4": -1.5987211554602254e-16,
  "g1": -9.681144774731365e-17,
  "g2": 2.19824158875781e-16,
  "g3": -2.0339285811132869e-16,
  "g4": -9.792167077193881e-17
}