{
  "samples": [
    {
      "features": {
        "tau1": 0.1741581383655885,
        "tau2": 0.18930704734940262,
        "tau3": 0.17791590029804866,
        "tau4": 0.18617335670007784,
        "p1": 0.00753247836984559,
        "p2": -2.3528690240584638e-05,
        "p3": 0.0077129486540042915,
        "p4": -0.020775284012614758,
        "g1": 0.17224695048899163,
        "g2": 0.15876695263807503,
        "g3": 0.15801862157925198,
        "g4": 0.1728244873790776
      },
      "label": 1,
      "verdict": "CONFIRMED",
      "timestamp": "2026-03-23T09:27:09.182221+00:00",
      "weight": 10
    }
  ],
  "total_confirmations": 1,
  "total_false_alarms": 0,
  "last_retrain_accuracy": 0.9235
}